date	reading	word	pos	id	normalized
2026-10-02	ばいおじゃぱん	BioJapan	名詞,固有名詞,一般,*,*,*,*	1920	biojapan
2026-10-02	要確認	BioJapan 2026	名詞,固有名詞,一般,*,*,*,*	1920	biojapan 2026
2026-10-02	ふぁくとりーれんず	FactoryLens	名詞,固有名詞,一般,*,*,*,*	1920	factorylens
2026-10-02	どっつ	dots	名詞,固有名詞,一般,*,*,*,*	1920	dots
2026-10-02	ほーむぱっど	HomePad	名詞,固有名詞,一般,*,*,*,*	1920	homepad
2026-10-03	ゆめねおばんく	ゆめNEOBANK	名詞,固有名詞,一般,*,*,*,*	1920	ゆめneobank
2026-10-03	あるごん	Argon	名詞,固有名詞,一般,*,*,*,*	1920	argon
2026-10-03	要確認	GPT-6.1 Sol	名詞,固有名詞,一般,*,*,*,*	1920	gpt-6.1 sol
2026-10-03	じぇみに	Gemini	名詞,固有名詞,一般,*,*,*,*	1920	gemini
2026-10-03	じぇみにふぉーあるごん	Gemini 4 Argon	名詞,固有名詞,一般,*,*,*,*	1920	gemini 4 argon
2026-10-03	はいいろのへくせ	灰色の魔女	名詞,固有名詞,一般,*,*,*,*	1920	灰色の魔女
